<?xml version="1.0" encoding="UTF-8"?>
<project-private xmlns="http://www.netbeans.org/ns/project-private/1">
    <editor-bookmarks xmlns="http://www.netbeans.org/ns/editor-bookmarks/2" lastBookmarkId="0"/>
    <open-files xmlns="http://www.netbeans.org/ns/projectui-open-files/2">
        <group>
            <file>file:/I:/MPLABX/v6.15/8-BIT%20PIC%20MICROCONTROLLER%20BOARD/i2c_24c16b_4.X/main.c</file>
            <file>file:/I:/MPLABX/v6.15/8-BIT%20PIC%20MICROCONTROLLER%20BOARD/i2c_24c16b_4.X/i2c.h</file>
            <file>file:/I:/MPLABX/v6.15/8-BIT%20PIC%20MICROCONTROLLER%20BOARD/i2c_24c16b_4.X/lcd.c</file>
            <file>file:/I:/MPLABX/v6.15/8-BIT%20PIC%20MICROCONTROLLER%20BOARD/i2c_24c16b_4.X/i2c.c</file>
        </group>
    </open-files>
</project-private>
