<?xml version="1.0" encoding="UTF-8"?>
<project-private xmlns="http://www.netbeans.org/ns/project-private/1">
    <editor-bookmarks xmlns="http://www.netbeans.org/ns/editor-bookmarks/2" lastBookmarkId="0"/>
    <open-files xmlns="http://www.netbeans.org/ns/projectui-open-files/2">
        <group>
            <file>file:/I:/MPLABX/v6.15/8-BIT%20PIC%20MICROCONTROLLER%20BOARD/LCD_4_LIB.X/main.c</file>
            <file>file:/I:/MPLABX/v6.15/8-BIT%20PIC%20MICROCONTROLLER%20BOARD/LCD_4_LIB.X/lcd.c</file>
            <file>file:/I:/MPLABX/v6.15/8-BIT%20PIC%20MICROCONTROLLER%20BOARD/LCD_4_LIB.X/lcd.h</file>
            <file>file:/I:/MPLABX/v6.15/8-BIT%20PIC%20MICROCONTROLLER%20BOARD/LCD_4_LIB.X/nbproject/Makefile-impl.mk</file>
            <file>file:/I:/MPLABX/v6.15/8-BIT%20PIC%20MICROCONTROLLER%20BOARD/LCD_4_LIB.X/nbproject/Makefile-default.mk</file>
            <file>file:/I:/MPLABX/v6.15/8-BIT%20PIC%20MICROCONTROLLER%20BOARD/LCD_4_LIB.X/config.h</file>
        </group>
    </open-files>
</project-private>
