<?xml version="1.0" encoding="UTF-8"?>
<project-private xmlns="http://www.netbeans.org/ns/project-private/1">
    <editor-bookmarks xmlns="http://www.netbeans.org/ns/editor-bookmarks/2" lastBookmarkId="0"/>
    <open-files xmlns="http://www.netbeans.org/ns/projectui-open-files/2">
        <group>
            <file>file:/I:/MPLABX/v6.15/8-BIT%20PIC%20MICROCONTROLLER%20BOARD/spi_nokia_5110.X/graphic_84x48.h</file>
            <file>file:/I:/MPLABX/v6.15/8-BIT%20PIC%20MICROCONTROLLER%20BOARD/spi_nokia_5110.X/main.c</file>
            <file>file:/I:/MPLABX/v6.15/8-BIT%20PIC%20MICROCONTROLLER%20BOARD/spi_nokia_5110.X/pcd8544.c</file>
            <file>file:/I:/MPLABX/v6.15/8-BIT%20PIC%20MICROCONTROLLER%20BOARD/spi_nokia_5110.X/spi.h</file>
            <file>file:/I:/MPLABX/v6.15/8-BIT%20PIC%20MICROCONTROLLER%20BOARD/spi_nokia_5110.X/pcd8544.h</file>
            <file>file:/I:/MPLABX/v6.15/8-BIT%20PIC%20MICROCONTROLLER%20BOARD/spi_nokia_5110.X/spi.c</file>
        </group>
    </open-files>
</project-private>
